<?xml version="1.0" encoding="UTF-8"?>
<Configuration status="DEBUG">

    <Appenders>
        <Console name="Console" target="SYSTEM_OUT">
            <PatternLayout pattern="%d{dd MMM yyyy HH:mm:ss,SSS} [%t] %-5level %logger{36} - %msg%n"/>
        </Console>
        <File name="File" fileName="./src/main/resources/logs/main.log">
            <PatternLayout pattern="%d{dd MMM yyyy HH:mm:ss,SSS} [%t] %-5level %logger{36} - %msg%n"/>
        </File>
    </Appenders>

    <Loggers>
        <Root level="debug">
            <AppenderRef ref="File"/>
            <AppenderRef ref="Console"/>
        </Root>
    </Loggers>

</Configuration>